2021-09-21 22:45:00.000;SiZ1;-10;74150.00000
2021-09-21 23:03:00.000;BRV1;-7;74.49000
2021-09-21 23:40:00.000;SiZ1;-3;74200.00000
2021-09-21 23:40:00.000;SiZ1;-17;74200.00000
2021-09-21 23:42:00.000;BRV1;14;74.69000
2021-09-22 07:53:00.000;SiZ1;14;74010.00000
2021-09-22 07:53:00.000;SiZ1;6;74010.00000
2021-09-22 08:33:00.000;BRV1;-14;75.29000
2021-09-22 11:04:00.000;BRV1;7;75.14000
2021-09-22 11:06:00.000;GZZ1;-10;34530.00000
2021-09-22 11:34:00.000;SiZ1;-10;74017.00000
2021-09-22 11:40:00.000;BRV1;-1;75.50000
2021-09-22 11:40:00.000;BRV1;-1;75.50000
2021-09-22 11:40:00.000;BRV1;-5;75.50000
2021-09-22 12:37:00.000;BRV1;7;75.20000
2021-09-22 13:47:00.000;NGU1;-6;4.80000
2021-09-22 17:45:00.000;GZZ1;10;34570.00000
2021-09-22 17:46:00.000;BRV1;-7;75.50000
2021-09-22 17:51:00.000;GZZ1;20;34444.00000
2021-09-22 18:42:00.000;GZZ1;-20;34545.00000
2021-09-22 19:54:00.000;GZZ1;20;34444.00000
2021-09-22 20:18:00.000;GZZ1;-1;34456.00000
2021-09-22 20:18:00.000;GZZ1;-2;34456.00000
2021-09-22 20:18:00.000;GZZ1;-1;34456.00000
2021-09-22 20:18:00.000;GZZ1;-6;34456.00000
2021-09-22 20:19:00.000;SiZ1;-10;73960.00000
2021-09-22 21:00:00.000;SiZ1;10;73900.00000
2021-09-22 21:18:00.000;GZZ1;1;34730.00000
2021-09-22 21:18:00.000;GZZ1;6;34730.00000
2021-09-22 21:18:00.000;GZZ1;3;34730.00000
2021-09-22 21:30:00.000;NGU1;12;4.80600
2021-09-22 22:18:00.000;BRV1;7;76.02000
2021-09-22 22:18:00.000;SiZ1;-2;74032.00000
2021-09-22 22:18:00.000;SiZ1;-1;74032.00000
2021-09-22 22:18:00.000;SiZ1;-2;74032.00000
2021-09-22 22:18:00.000;SiZ1;-10;74032.00000
2021-09-22 22:56:00.000;NGU1;-1;4.76100
2021-09-22 22:56:00.000;NGU1;-4;4.76100
2021-09-22 22:56:00.000;NGU1;-1;4.76100
2021-09-22 23:24:00.000;SiZ1;29;74130.00000
2021-09-22 23:24:00.000;SiZ1;1;74130.00000
2021-09-22 23:28:00.000;GZZ1;-1;34600.00000
2021-09-22 23:28:00.000;GZZ1;-6;34600.00000
2021-09-22 23:28:00.000;GZZ1;-11;34600.00000
2021-09-22 23:28:00.000;GZZ1;-2;34600.00000
2021-09-22 23:32:00.000;SiZ1;-15;74149.00000
2021-09-22 23:33:00.000;BRV1;-7;75.95000
2021-09-22 23:33:00.000;BRV1;-3;75.95000
2021-09-23 15:04:00.000;SiZ1;2;73773.00000
2021-09-23 15:04:00.000;SiZ1;1;73773.00000
2021-09-23 15:04:00.000;SiZ1;1;73774.00000
2021-09-23 15:23:00.000;SiZ1;-4;73840.00000
2021-09-23 17:43:00.000;GZZ1;10;34912.00000
2021-09-23 17:46:00.000;BRV1;-8;76.90000
2021-09-24 13:33:00.000;BRV1;8;77.40000
2021-09-24 13:36:00.000;SRZ1;-10;33021.00000
2021-09-24 15:06:00.000;SRZ1;10;32949.00000
2021-09-24 15:08:00.000;SiZ1;10;74030.00000
2021-09-24 15:49:00.000;SiZ1;-10;74090.00000
2021-09-24 15:59:00.000;GZZ1;-2;34870.00000
2021-09-24 15:59:00.000;GZZ1;-2;34870.00000
2021-09-24 15:59:00.000;GZZ1;-2;34870.00000
2021-09-24 15:59:00.000;GZZ1;-2;34870.00000
2021-09-24 15:59:00.000;GZZ1;-2;34870.00000
2021-09-24 17:41:00.000;BRV1;10;77.80000
2021-09-24 17:41:00.000;SiZ1;-1;73960.00000
2021-09-24 17:41:00.000;SiZ1;-14;73960.00000
2021-09-24 18:43:00.000;SiZ1;15;73895.00000
2021-09-24 19:01:00.000;NGU1;9;5.11900
2021-09-24 21:13:00.000;NGU1;-9;5.13500
2021-09-24 21:22:00.000;BRV1;-10;78.12000
2021-09-24 22:46:00.000;BRV1;5;78.08000
2021-09-24 22:46:00.000;BRV1;2;78.08000
2021-09-24 22:46:00.000;BRV1;3;78.08000
2021-09-24 22:50:00.000;NGV1;2;5.24000
2021-09-24 22:51:00.000;GZZ1;20;34990.00000
2021-09-24 22:52:00.000;NGV1;2;5.24000
2021-09-24 22:52:00.000;NGV1;5;5.24000
2021-09-27 07:00:00.000;NGV1;-2;5.30500
2021-09-27 07:00:00.000;NGV1;-7;5.30500
2021-09-27 07:01:00.000;GZZ1;-3;35170.00000
2021-09-27 07:01:00.000;GZZ1;-2;35170.00000
2021-09-27 07:01:00.000;GZZ1;-2;35170.00000
2021-09-27 07:01:00.000;GZZ1;-3;35170.00000
2021-09-27 15:34:00.000;NGV1;10;5.48500
2021-09-27 16:09:00.000;SRZ1;-4;33470.00000
2021-09-27 16:09:00.000;SRZ1;-6;33470.00000
2021-09-27 16:30:00.000;NGV1;-9;5.56500
2021-09-27 16:30:00.000;NGV1;-1;5.56500
2021-09-27 16:32:00.000;BRX1;2;78.86000
2021-09-27 16:32:00.000;BRX1;2;78.86000
2021-09-27 16:32:00.000;BRX1;1;78.86000
2021-09-27 16:32:00.000;BRX1;1;78.86000
2021-09-27 16:32:00.000;BRX1;4;78.86000
2021-09-27 16:41:00.000;BRX1;-2;78.90000
2021-09-27 16:41:00.000;BRX1;-18;78.90000
2021-09-27 18:06:00.000;BRX1;10;78.66000
2021-09-27 18:09:00.000;NGV1;-10;5.59500
2021-09-27 22:43:00.000;SRZ1;2;33738.00000
2021-09-27 22:43:00.000;SRZ1;2;33738.00000
2021-09-27 22:43:00.000;SRZ1;1;33738.00000
2021-09-28 10:27:00.000;SRZ1;2;33850.00000
2021-09-28 10:27:00.000;SRZ1;3;33850.00000
2021-09-28 19:07:00.000;SRZ1;-4;33510.00000
2021-09-28 19:07:00.000;SRZ1;-3;33510.00000
2021-09-28 23:33:00.000;NGV1;2;5.80500
2021-09-28 23:33:00.000;NGV1;1;5.80500
2021-09-28 23:33:00.000;NGV1;2;5.80500
2021-09-28 23:33:00.000;SRZ1;5;33462.00000
2021-09-28 23:33:00.000;SRZ1;2;33462.00000
2021-09-28 23:38:00.000;BRX1;-1;77.46000
2021-09-28 23:38:00.000;BRX1;-8;77.46000
2021-09-29 17:15:00.000;NGV1;5;5.57000
2021-09-29 17:16:00.000;SiZ1;10;73840.00000
2021-09-29 19:09:00.000;SiZ1;-10;73855.00000
2021-09-29 19:12:00.000;SRZ1;-2;33330.00000
2021-09-29 19:12:00.000;SRZ1;-1;33330.00000
2021-09-29 19:12:00.000;SRZ1;-4;33330.00000
2021-09-29 19:12:00.000;SRZ1;-1;33330.00000
2021-09-29 19:12:00.000;SRZ1;-1;33330.00000
2021-09-29 19:18:00.000;SRZ1;-1;33330.00000
2021-09-29 21:20:00.000;SRZ1;5;33400.00000
2021-09-29 21:20:00.000;SRZ1;5;33400.00000
2021-09-29 21:27:00.000;NGV1;-4;5.48200
2021-09-29 21:27:00.000;NGV1;-2;5.48200
2021-09-29 22:21:00.000;NGV1;12;5.46600
2021-09-29 23:35:00.000;NGV1;-4;5.49100
2021-09-30 07:00:00.000;NGV1;-1;5.49100
2021-09-30 07:00:00.000;NGV1;-1;5.49100
2021-09-30 11:00:00.000;NGV1;5;5.58500
2021-09-30 14:17:00.000;NGV1;-5;5.61500
2021-09-30 14:21:00.000;NGV1;6;5.61000
2021-09-30 14:53:00.000;NGV1;-1;5.68000
2021-09-30 14:53:00.000;NGV1;-1;5.68000
2021-09-30 14:53:00.000;NGV1;-2;5.68000
2021-09-30 14:55:00.000;NGV1;-2;5.68000
2021-09-30 15:26:00.000;GZZ1;-10;36740.00000
2021-09-30 18:01:00.000;GZZ1;10;36710.00000
2021-09-30 18:02:00.000;SRZ1;-10;34650.00000
2021-09-30 21:16:00.000;SRZ1;2;34560.00000
2021-09-30 21:16:00.000;SRZ1;4;34560.00000
2021-09-30 21:16:00.000;SRZ1;4;34560.00000
2021-09-30 21:17:00.000;NGV1;6;5.82800
2021-09-30 23:11:00.000;NGV1;-4;5.85800
2021-09-30 23:11:00.000;NGV1;-2;5.85800
2021-09-30 23:17:00.000;NGV1;-4;5.88400
2021-09-30 23:17:00.000;NGV1;-2;5.88400
2021-10-01 13:34:00.000;NGV1;1;5.85000
2021-10-01 13:40:00.000;NGV1;1;5.84000
2021-10-01 13:41:00.000;NGV1;1;5.83000
2021-10-01 13:45:00.000;NGV1;1;5.82000
2021-10-01 14:14:00.000;SRZ1;10;34240.00000
2021-10-01 14:23:00.000;NGV1;1;5.81000
2021-10-01 14:24:00.000;NGV1;1;5.80000
2021-10-01 15:55:00.000;SRZ1;-10;34255.00000
2021-10-01 15:59:00.000;GZZ1;-10;36880.00000
2021-10-01 19:27:00.000;GZZ1;6;36780.00000
2021-10-01 19:27:00.000;GZZ1;4;36780.00000
2021-10-01 19:28:00.000;NGV1;6;5.59900
2021-10-01 20:44:00.000;BRX1;4;79.10000
2021-10-01 21:25:00.000;BRX1;-4;79.30000
2021-10-01 23:45:00.000;NGV1;-6;5.55700
2021-10-01 23:48:00.000;GZZ1;-9;36947.00000
2021-10-01 23:48:00.000;GZZ1;-1;36947.00000
2021-10-04 07:00:00.000;GZZ1;10;36640.00000
2021-10-04 10:42:00.000;SiZ1;-15;73918.00000
2021-10-04 12:51:00.000;SiZ1;15;73885.00000
2021-10-04 13:08:00.000;NGV1;6;5.83500
2021-10-04 16:00:00.000;NGV1;-6;5.88800
2021-10-04 16:05:00.000;BRX1;-1;80.80000
2021-10-04 16:05:00.000;BRX1;-5;80.80000
2021-10-04 22:50:00.000;BRX1;8;81.33000
2021-10-04 22:50:00.000;NGV1;7;5.91800
2021-10-04 23:10:00.000;BRX1;1;81.30000
2021-10-04 23:11:00.000;BRX1;13;81.30000
2021-10-05 14:06:00.000;BRX1;-5;82.09000
2021-10-05 14:06:00.000;BRX1;-9;82.09000
2021-10-05 14:27:00.000;BRX1;14;82.38000
2021-10-05 20:29:00.000;NGV1;-7;6.31800
2021-10-05 20:30:00.000;NGV1;-4;6.35000
2021-10-05 20:31:00.000;NGV1;-2;6.35000
2021-10-05 20:31:00.000;NGV1;-1;6.35000
2021-10-05 20:53:00.000;BRX1;-7;82.80000
2021-10-05 20:57:00.000;SiZ1;20;73270.00000
2021-10-05 21:21:00.000;NGV1;6;6.25000
2021-10-05 21:21:00.000;NGV1;1;6.25000
2021-10-05 22:55:00.000;SiZ1;-20;73326.00000
2021-10-06 09:54:00.000;NGV1;6;6.44400
2021-10-06 09:55:00.000;SiZ1;-20;73370.00000
2021-10-06 12:25:00.000;SiZ1;20;73530.00000
2021-10-06 12:29:00.000;SRZ1;-16;36520.00000
2021-10-06 18:43:00.000;SRZ1;4;36750.00000
2021-10-07 10:10:00.000;NGV1;-6;5.60000
2021-10-07 10:10:00.000;GZZ1;-1;38244.00000
2021-10-07 10:10:00.000;GZZ1;-1;38243.00000
2021-10-07 10:10:00.000;GZZ1;-1;38243.00000
2021-10-07 10:10:00.000;GZZ1;-6;38243.00000
2021-10-07 10:35:00.000;GZZ1;5;37240.00000
2021-10-07 10:38:00.000;GZZ1;2;37240.00000
2021-10-07 10:38:00.000;GZZ1;2;37240.00000
2021-10-07 10:47:00.000;GZZ1;-10;37550.00000
2021-10-07 11:05:00.000;GZZ1;10;37150.00000
2021-10-07 11:27:00.000;BRX1;-6;79.20000
2021-10-07 13:05:00.000;BRX1;6;80.44000
2021-10-07 13:10:00.000;NGV1;1;5.53500
2021-10-07 13:11:00.000;NGV1;1;5.53500
2021-10-07 13:11:00.000;NGV1;4;5.53500
2021-10-07 19:48:00.000;NGV1;-6;5.56500
2021-10-07 19:51:00.000;GZZ1;8;37778.00000
2021-10-07 19:51:00.000;GZZ1;1;37778.00000
2021-10-07 19:51:00.000;GZZ1;1;37778.00000
2021-10-07 20:21:00.000;GZZ1;-12;37900.00000
2021-10-07 20:21:00.000;GZZ1;-6;37900.00000
2021-10-07 20:21:00.000;GZZ1;-2;37900.00000
2021-10-07 21:55:00.000;GZZ1;10;37640.00000
2021-10-07 21:57:00.000;NGV1;-7;5.75000
2021-10-08 23:00:00.000;NGV1;7;5.60500
2021-10-08 23:00:00.000;BRX1;6;82.54000
2021-10-11 07:00:00.000;BRX1;-6;83.15000
2021-10-11 22:52:00.000;NGV1;-5;5.41000
2021-10-12 10:04:00.000;NGV1;1;5.26000
2021-10-12 10:04:00.000;NGV1;4;5.26000
2021-10-12 14:28:00.000;GZZ1;-10;37075.00000
2021-10-12 17:08:00.000;GZZ1;8;36800.00000
2021-10-12 17:08:00.000;GZZ1;2;36800.00000
2021-10-12 20:34:00.000;NGV1;7;5.47500
2021-10-12 21:28:00.000;NGV1;-6;5.50500
2021-10-12 21:28:00.000;NGV1;-1;5.50500
2021-10-12 22:34:00.000;NGV1;-7;5.49000
2021-10-13 15:04:00.000;SRZ1;24;38000.00000
2021-10-13 16:10:00.000;SRZ1;-11;38030.00000
2021-10-13 16:10:00.000;SRZ1;-13;38030.00000
2021-10-13 17:58:00.000;NGV1;7;5.38500
2021-10-13 18:03:00.000;SiZ1;-15;72880.00000
2021-10-13 21:51:00.000;SiZ1;7;72870.00000
2021-10-13 21:51:00.000;SiZ1;8;72870.00000
2021-10-13 21:52:00.000;GZZ1;-7;36725.00000
2021-10-13 21:53:00.000;NGV1;-5;5.61500
2021-10-14 13:57:00.000;SRZ1;2;38245.00000
2021-10-15 17:59:00.000;NGV1;5;5.58500
2021-10-15 17:59:00.000;SiZ1;-10;71770.00000
2021-10-15 18:44:00.000;SiZ1;10;71760.00000
2021-10-15 19:08:00.000;NGV1;-1;5.55000
2021-10-15 19:08:00.000;NGV1;-3;5.55000
2021-10-15 19:08:00.000;NGV1;-2;5.55000
2021-10-15 21:30:00.000;NGV1;6;5.41000
2021-10-15 21:30:00.000;BRX1;-6;84.90000
2021-10-18 14:29:00.000;GZZ1;-1;36906.00000
2021-10-18 18:25:00.000;BRX1;6;84.70000
2021-10-18 18:28:00.000;SFZ1;10;446.44000
2021-10-18 19:05:00.000;NGV1;4;5.13500
2021-10-18 19:50:00.000;GZZ1;13;37100.00000
2021-10-18 19:50:00.000;GZZ1;1;37100.00000
2021-10-18 19:50:00.000;GZZ1;2;37100.00000
2021-10-18 20:04:00.000;SRZ1;10;37000.00000
2021-10-18 21:00:00.000;NGV1;4;5.03000
2021-10-18 22:50:00.000;SFZ1;-9;447.00000
2021-10-18 22:50:00.000;SFZ1;-1;447.00000
2021-10-18 23:19:00.000;GZZ1;1;36880.00000
2021-10-19 09:59:00.000;SRZ1;9;37050.00000
2021-10-19 15:29:00.000;SRZ1;-5;37570.00000
2021-10-19 15:29:00.000;SRZ1;-1;37570.00000
2021-10-19 15:29:00.000;SRZ1;-3;37570.00000
2021-10-19 17:57:00.000;BRX1;5;84.70000
2021-10-19 18:37:00.000;BRX1;-5;85.10000
2021-10-19 20:39:00.000;SRZ1;1;37685.00000
2021-10-19 20:40:00.000;SRZ1;9;37685.00000
2021-10-20 07:00:00.000;GZZ1;-9;37400.00000
2021-10-20 14:32:00.000;TTZ1;-2;58202.00000
2021-10-20 14:32:00.000;TTZ1;-1;58201.00000
2021-10-20 14:32:00.000;TTZ1;-2;58200.00000
2021-10-20 16:03:00.000;TTZ1;3;57900.00000
2021-10-20 16:03:00.000;TTZ1;2;57900.00000
2021-10-20 17:01:00.000;SiZ1;-10;71785.00000
2021-10-20 18:45:00.000;SiZ1;10;71655.00000
2021-10-20 19:13:00.000;GZZ1;5;37470.00000
2021-10-20 19:13:00.000;GZZ1;5;37470.00000
2021-10-20 20:21:00.000;NGV1;-4;5.16400
2021-10-20 20:42:00.000;NGV1;-1;5.19500
2021-10-20 20:42:00.000;NGV1;-3;5.19500
2021-10-20 21:52:00.000;GZZ1;-10;37499.00000
2021-10-21 10:00:00.000;GZZ1;-15;37360.00000
2021-10-21 10:03:00.000;SRZ1;-20;37225.00000
2021-10-21 14:15:00.000;MMZ1;-2;4284.25000
2021-10-21 14:15:00.000;MMZ1;-5;4284.25000
2021-10-21 17:17:00.000;MMZ1;2;4264.00000
2021-10-21 17:17:00.000;MMZ1;2;4264.00000
2021-10-21 17:17:00.000;MMZ1;2;4264.00000
2021-10-21 17:17:00.000;MMZ1;1;4264.00000
2021-10-21 17:46:00.000;GZZ1;10;36740.00000
2021-10-21 17:46:00.000;GZZ1;4;36740.00000
2021-10-21 17:46:00.000;GZZ1;1;36740.00000
2021-10-21 17:55:00.000;SRZ1;10;36850.00000
2021-10-21 18:03:00.000;NGV1;-7;5.04500
2021-10-21 18:18:00.000;GZZ1;-10;36670.00000
2021-10-21 18:18:00.000;GZZ1;-5;36670.00000
2021-10-21 21:15:00.000;GZZ1;-1;36840.00000
2021-10-21 21:16:00.000;GZZ1;-9;36840.00000
2021-10-22 07:00:00.000;GZZ1;10;36690.00000
2021-10-22 09:15:00.000;GZZ1;15;36510.00000
2021-10-22 11:23:00.000;SRZ1;20;36920.00000
2021-10-22 13:36:00.000;NGV1;2;5.17500
2021-10-22 13:36:00.000;NGV1;2;5.17600
2021-10-22 13:36:00.000;NGV1;3;5.17600
2021-10-22 13:38:00.000;SiZ1;2;70879.00000
2021-10-22 13:38:00.000;SiZ1;1;70879.00000
2021-10-22 13:38:00.000;SiZ1;4;70879.00000
2021-10-22 13:38:00.000;SiZ1;1;70879.00000
2021-10-22 13:38:00.000;SiZ1;5;70880.00000
2021-10-22 13:38:00.000;SiZ1;1;70880.00000
2021-10-22 13:38:00.000;SiZ1;1;70880.00000
2021-10-22 13:38:00.000;SiZ1;4;70880.00000
2021-10-22 14:00:00.000;SiZ1;-19;70915.00000
2021-10-22 14:48:00.000;SiZ1;-15;71043.00000
2021-10-22 23:34:00.000;SiZ1;15;71033.00000
2021-10-25 10:29:00.000;GZZ1;9;36200.00000
2021-10-25 10:30:00.000;GZZ1;6;36200.00000
2021-10-25 11:05:00.000;GZZ1;-15;36500.00000
2021-10-25 12:56:00.000;SRZ1;-2;37100.00000
2021-10-25 12:56:00.000;SRZ1;-12;37100.00000
2021-10-25 12:56:00.000;SRZ1;-11;37100.00000
2021-10-25 12:56:00.000;SRZ1;-5;37100.00000
2021-10-25 12:57:00.000;GZZ1;-10;36560.00000
2021-10-25 13:37:00.000;GZZ1;-10;36700.00000
2021-10-25 14:08:00.000;GZZ1;10;36650.00000
2021-10-25 14:09:00.000;SRZ1;-10;37500.00000
2021-10-25 14:35:00.000;SRZ1;6;37300.00000
2021-10-25 14:35:00.000;SRZ1;4;37300.00000
2021-10-25 14:40:00.000;GZZ1;-6;36700.00000
2021-10-25 14:40:00.000;GZZ1;-1;36700.00000
2021-10-25 14:40:00.000;GZZ1;-3;36700.00000
2021-10-25 21:53:00.000;SRZ1;10;37321.00000
2021-10-25 21:54:00.000;NGV1;-5;5.92500
2021-10-25 21:54:00.000;NGV1;-1;5.92500
2021-10-25 21:54:00.000;NGV1;-1;5.92500
2021-10-26 14:22:00.000;NGV1;7;5.87000
2021-10-26 14:37:00.000;NGX1;-2;5.97000
2021-10-26 14:37:00.000;NGX1;-5;5.97000
2021-10-26 15:05:00.000;NGX1;7;5.90000
2021-10-26 15:18:00.000;NGX1;-1;5.95000
2021-10-26 15:18:00.000;NGX1;-4;5.95000
2021-10-26 15:18:00.000;NGX1;-1;5.95000
2021-10-26 15:18:00.000;NGX1;-1;5.95000
2021-10-26 15:38:00.000;NGX1;7;5.90000
2021-10-26 15:57:00.000;NGX1;-2;5.93000
2021-10-26 15:57:00.000;NGX1;-1;5.93000
2021-10-26 15:57:00.000;NGX1;-1;5.93000
2021-10-26 15:57:00.000;NGX1;-2;5.93000
2021-10-26 15:57:00.000;NGX1;-1;5.93000
2021-10-26 16:19:00.000;NGX1;6;5.85000
2021-10-26 16:19:00.000;NGX1;1;5.85000
2021-10-26 20:27:00.000;NGX1;-4;6.02000
2021-10-26 20:35:00.000;NGX1;-3;6.02000
2021-10-26 22:05:00.000;NGX1;7;5.93700
2021-10-26 23:04:00.000;NGX1;-7;5.96300
2021-10-28 07:00:00.000;GZZ1;5;36400.00000
2021-10-28 07:00:00.000;GZZ1;1;36400.00000
2021-10-28 07:00:00.000;GZZ1;7;36400.00000
2021-10-28 07:00:00.000;GZZ1;7;36400.00000
2021-10-28 10:03:00.000;GZZ1;-10;36530.00000
2021-10-28 10:14:00.000;SRZ1;-3;37600.00000
2021-10-28 10:14:00.000;SRZ1;-1;37600.00000
2021-10-28 10:14:00.000;SRZ1;-3;37600.00000
2021-10-28 10:14:00.000;SRZ1;-3;37600.00000
2021-10-28 10:35:00.000;SRZ1;3;37300.00000
2021-10-28 10:35:00.000;SRZ1;7;37300.00000
2021-10-28 10:49:00.000;GZZ1;10;36330.00000
2021-10-28 13:08:00.000;SRZ1;-18;36920.00000
2021-10-28 13:08:00.000;SRZ1;-2;36920.00000
2021-10-28 13:20:00.000;SRZ1;20;36700.00000
2021-10-28 16:28:00.000;GZZ1;-1;36000.00000
2021-10-28 16:28:00.000;GZZ1;-12;36000.00000
2021-10-28 16:28:00.000;GZZ1;-7;36000.00000
2021-10-28 16:49:00.000;GZZ1;20;35700.00000
2021-10-28 18:43:00.000;NGX1;7;5.78300
2021-10-28 19:13:00.000;SRZ1;-7;36700.00000
2021-10-28 19:13:00.000;SRZ1;-3;36700.00000
2021-10-28 19:13:00.000;SRZ1;-10;36700.00000
2021-10-28 19:15:00.000;NGX1;-7;5.75100
2021-10-28 23:26:00.000;GZZ1;-10;35785.00000
2021-10-29 07:23:00.000;NGX1;7;5.67000
2021-10-29 10:00:00.000;GZZ1;10;35500.00000
2021-10-29 10:02:00.000;SRZ1;20;36500.00000
2021-10-29 11:52:00.000;SRZ1;-7;36210.00000
2021-10-29 11:52:00.000;SRZ1;-13;36210.00000
2021-10-29 11:57:00.000;GZZ1;-4;35300.00000
2021-10-29 11:57:00.000;GZZ1;-16;35300.00000
2021-10-29 15:08:00.000;SRZ1;20;36010.00000
2021-10-29 16:09:00.000;NGX1;-2;5.60500
2021-10-29 16:09:00.000;NGX1;-1;5.60500
2021-10-29 16:09:00.000;NGX1;-1;5.60500
2021-10-29 16:09:00.000;NGX1;-1;5.60500
2021-10-29 16:09:00.000;NGX1;-2;5.60500
2021-10-29 16:26:00.000;GZZ1;3;35000.00000
2021-10-29 16:26:00.000;GZZ1;2;35000.00000
2021-10-29 16:26:00.000;GZZ1;12;35000.00000
2021-10-29 16:26:00.000;GZZ1;3;35000.00000
2021-10-29 17:12:00.000;NGX1;7;5.53500
2021-11-01 11:59:00.000;SRZ1;3;36535.00000
2021-11-01 11:59:00.000;SRZ1;12;36535.00000
2021-11-01 11:59:00.000;SRZ1;5;36535.00000
2021-11-01 12:01:00.000;BRZ1;10;84.20000
2021-11-01 12:39:00.000;BRZ1;-4;84.60000
2021-11-01 12:39:00.000;BRZ1;-6;84.60000
2021-11-01 14:19:00.000;NGX1;10;5.35000
2021-11-01 15:27:00.000;NGX1;-10;5.40000
2021-11-01 16:02:00.000;SRZ1;-2;36800.00000
2021-11-01 16:02:00.000;SRZ1;-12;36800.00000
2021-11-01 16:02:00.000;SRZ1;-3;36800.00000
2021-11-01 16:02:00.000;SRZ1;-3;36800.00000
2021-11-01 16:05:00.000;GZZ1;30;36050.00000
2021-11-01 17:19:00.000;GZZ1;-9;36099.00000
2021-11-01 17:19:00.000;GZZ1;-1;36099.00000
2021-11-01 17:20:00.000;GZZ1;-4;36099.00000
2021-11-01 17:20:00.000;GZZ1;-10;36099.00000
2021-11-01 17:20:00.000;GZZ1;-6;36099.00000
2021-11-01 17:53:00.000;SRZ1;-20;37170.00000
2021-11-01 17:57:00.000;SRZ1;-20;37250.00000
2021-11-01 18:39:00.000;SRZ1;-7;37440.00000
2021-11-01 18:39:00.000;SRZ1;-12;37440.00000
2021-11-02 10:07:00.000;SRZ1;4;37230.00000
2021-11-02 10:07:00.000;SRZ1;12;37230.00000
2021-11-02 10:07:00.000;SRZ1;3;37230.00000
2021-11-02 13:29:00.000;SRZ1;1;37164.00000
2021-11-02 13:29:00.000;SRZ1;1;37164.00000
2021-11-02 13:29:00.000;SRZ1;1;37164.00000
2021-11-02 13:29:00.000;SRZ1;2;37164.00000
2021-11-02 13:29:00.000;SRZ1;1;37164.00000
2021-11-02 13:29:00.000;SRZ1;1;37164.00000
2021-11-02 13:29:00.000;SRZ1;1;37164.00000
2021-11-02 13:29:00.000;SRZ1;1;37165.00000
2021-11-02 13:29:00.000;SRZ1;4;37165.00000
2021-11-02 13:29:00.000;SRZ1;1;37165.00000
2021-11-02 13:29:00.000;SRZ1;2;37165.00000
2021-11-02 13:29:00.000;SRZ1;1;37165.00000
2021-11-02 13:29:00.000;SRZ1;1;37166.00000
2021-11-02 13:29:00.000;SRZ1;2;37166.00000
2021-11-02 13:29:00.000;SRZ1;1;37166.00000
2021-11-02 13:29:00.000;SRZ1;1;37166.00000
2021-11-02 13:29:00.000;SRZ1;8;37166.00000
2021-11-02 13:29:00.000;SRZ1;1;37166.00000
2021-11-02 13:29:00.000;SRZ1;9;37167.00000
2021-11-02 13:33:00.000;SRZ1;-4;37200.00000
2021-11-02 13:33:00.000;SRZ1;-2;37200.00000
2021-11-02 13:33:00.000;SRZ1;-19;37200.00000
2021-11-02 13:33:00.000;GZZ1;-1;35770.00000
2021-11-02 13:33:00.000;GZZ1;-4;35770.00000
2021-11-02 13:33:00.000;GZZ1;-15;35770.00000
2021-11-02 21:41:00.000;GZZ1;20;35650.00000
2021-11-02 21:43:00.000;NGX1;1;5.52200
2021-11-02 21:44:00.000;NGX1;9;5.52200
2021-11-02 23:47:00.000;NGX1;-1;5.53700
2021-11-02 23:47:00.000;NGX1;-9;5.53700
2021-11-03 10:24:00.000;GZZ1;-7;35260.00000
2021-11-03 10:24:00.000;GZZ1;-1;35260.00000
2021-11-03 10:24:00.000;GZZ1;-12;35260.00000
2021-11-03 10:41:00.000;SRZ1;1;37000.00000
2021-11-03 10:41:00.000;SRZ1;4;37000.00000
2021-11-03 10:41:00.000;SRZ1;2;37000.00000
2021-11-03 10:41:00.000;SRZ1;3;37000.00000
2021-11-03 10:54:00.000;GZZ1;20;35100.00000
2021-11-03 11:54:00.000;SRZ1;15;36900.00000
2021-11-03 14:21:00.000;GZZ1;-4;35360.00000
2021-11-03 14:21:00.000;GZZ1;-1;35360.00000
2021-11-03 14:21:00.000;GZZ1;-2;35360.00000
2021-11-03 14:21:00.000;GZZ1;-1;35360.00000
2021-11-03 14:21:00.000;GZZ1;-3;35360.00000
2021-11-03 14:21:00.000;GZZ1;-3;35360.00000
2021-11-03 14:21:00.000;GZZ1;-1;35360.00000
2021-11-03 14:35:00.000;NGX1;10;5.58000
2021-11-03 16:05:00.000;GZZ1;15;35250.00000
2021-11-03 16:17:00.000;SRZ1;-7;37000.00000
2021-11-03 16:17:00.000;SRZ1;-8;37000.00000
2021-11-03 16:44:00.000;NGX1;-1;5.62500
2021-11-03 16:44:00.000;NGX1;-1;5.62500
2021-11-03 16:44:00.000;NGX1;-1;5.62500
2021-11-03 16:44:00.000;NGX1;-1;5.62500
2021-11-03 16:44:00.000;NGX1;-1;5.62500
2021-11-03 16:44:00.000;NGX1;-1;5.62500
2021-11-03 16:44:00.000;NGX1;-1;5.62500
2021-11-03 16:44:00.000;NGX1;-3;5.62500
2021-11-03 17:15:00.000;GZZ1;-15;35420.00000
2021-11-03 21:26:00.000;SRZ1;-1;37130.00000
2021-11-03 21:26:00.000;SRZ1;-9;37130.00000
2021-11-03 22:42:00.000;SRZ1;-5;37330.00000
2021-11-05 08:58:00.000;SRZ1;10;36950.00000
2021-11-05 10:01:00.000;SRZ1;15;36800.00000
2021-11-05 10:13:00.000;GZZ1;12;35300.00000
2021-11-05 10:13:00.000;GZZ1;3;35300.00000
2021-11-05 10:52:00.000;GZZ1;-10;35650.00000
2021-11-05 11:14:00.000;NGX1;-10;5.59200
2021-11-05 11:30:00.000;SRZ1;5;36750.00000
2021-11-05 11:51:00.000;GZZ1;10;35300.00000
2021-11-05 13:40:00.000;GZZ1;-10;35450.00000
2021-11-05 14:20:00.000;NGX1;-1;5.69200
2021-11-05 14:20:00.000;NGX1;-5;5.69200
2021-11-05 14:20:00.000;NGX1;-4;5.69200
2021-11-05 15:26:00.000;NGX1;6;5.62200
2021-11-05 15:26:00.000;NGX1;4;5.62200
2021-11-05 15:38:00.000;SiZ1;-4;71772.00000
2021-11-05 15:38:00.000;SiZ1;-16;71772.00000
2021-11-05 16:16:00.000;SiZ1;20;71650.00000
2021-11-05 18:45:00.000;GZZ1;1;35440.00000
2021-11-05 18:45:00.000;GZZ1;6;35440.00000
2021-11-05 18:45:00.000;GZZ1;1;35440.00000
2021-11-05 18:45:00.000;GZZ1;2;35440.00000
2021-11-05 21:25:00.000;NGX1;3;5.52200
2021-11-05 21:28:00.000;NGX1;7;5.52200
2021-11-08 13:02:00.000;GZZ1;-20;35695.00000
2021-11-08 14:35:00.000;SRZ1;-20;36200.00000
2021-11-08 15:30:00.000;GZZ1;5;35365.00000
2021-11-08 15:30:00.000;GZZ1;15;35365.00000
2021-11-08 15:31:00.000;NGX1;-10;5.54500
2021-11-08 15:32:00.000;SRZ1;1;36020.00000
2021-11-08 15:32:00.000;SRZ1;15;36020.00000
2021-11-08 15:32:00.000;SRZ1;1;36020.00000
2021-11-08 15:32:00.000;SRZ1;2;36020.00000
2021-11-08 15:32:00.000;SRZ1;1;36020.00000
2021-11-08 16:01:00.000;GZZ1;-24;35210.00000
2021-11-08 16:01:00.000;GZZ1;-5;35210.00000
2021-11-08 16:01:00.000;GZZ1;-1;35210.00000
2021-11-08 16:01:00.000;NGX1;10;5.49000
2021-11-08 16:38:00.000;SiZ1;-8;71855.00000
2021-11-08 16:38:00.000;SiZ1;-2;71855.00000
2021-11-08 16:38:00.000;SiZ1;-1;71855.00000
2021-11-08 16:38:00.000;SiZ1;-19;71855.00000
2021-11-08 18:23:00.000;SiZ1;30;71750.00000
2021-11-08 18:32:00.000;SRZ1;-1;36150.00000
2021-11-08 18:32:00.000;SRZ1;-14;36150.00000
2021-11-08 22:08:00.000;NGX1;-6;5.48000
2021-11-08 22:08:00.000;NGX1;-3;5.48000
2021-11-08 22:08:00.000;NGX1;-1;5.48000
2021-11-09 11:05:00.000;NGX1;10;5.37000
2021-11-09 12:00:00.000;SRZ1;-6;36610.00000
2021-11-09 12:00:00.000;SRZ1;-4;36610.00000
2021-11-09 14:46:00.000;SRZ1;5;36150.00000
2021-11-09 14:46:00.000;SRZ1;2;36100.00000
2021-11-09 14:46:00.000;SRZ1;3;36100.00000
2021-11-09 14:48:00.000;NGX1;-10;5.33500
2021-11-09 16:23:00.000;NGX1;10;5.28000
2021-11-09 17:37:00.000;SRZ1;5;36050.00000
2021-11-09 18:01:00.000;SRZ1;5;36000.00000
2021-11-09 18:01:00.000;SRZ1;5;35950.00000
2021-11-09 18:28:00.000;NGX1;1;5.04000
2021-11-09 18:28:00.000;NGX1;9;5.04000
2021-11-09 18:44:00.000;NGX1;5;5.01000
2021-11-09 19:54:00.000;NGX1;5;4.94000
2021-11-09 20:59:00.000;GZZ1;10;35000.00000
2021-11-09 21:24:00.000;NGX1;-10;5.02100
2021-11-09 22:08:00.000;NGX1;-4;5.04200
2021-11-09 22:08:00.000;NGX1;-6;5.04200
2021-11-09 22:39:00.000;BRZ1;-10;84.81000
2021-11-10 12:19:00.000;SRZ1;-20;35810.00000
2021-11-10 12:39:00.000;SRZ1;17;35600.00000
2021-11-10 12:39:00.000;SRZ1;3;35600.00000
2021-11-10 15:18:00.000;BRZ1;10;84.40000
2021-11-10 19:14:00.000;NGX1;-10;4.88000
2021-11-10 20:04:00.000;NGX1;10;4.83000
2021-11-10 21:04:00.000;NGX1;-10;4.84100
2021-11-10 21:07:00.000;NGX1;-5;4.86200
2021-11-10 21:21:00.000;SiZ1;13;71735.00000
2021-11-10 21:22:00.000;SiZ1;2;71735.00000
2021-11-10 22:13:00.000;NGX1;-5;4.91100
2021-11-10 23:03:00.000;GZZ1;5;34800.00000
2021-11-10 23:03:00.000;GZZ1;5;34800.00000
2021-11-10 23:14:00.000;SRZ1;-10;35200.00000
2021-11-11 11:41:00.000;SRZ1;-1;35610.00000
2021-11-11 11:41:00.000;SRZ1;-4;35610.00000
2021-11-11 14:00:00.000;SiZ1;-1;71630.00000
2021-11-11 14:00:00.000;SiZ1;-4;71630.00000
2021-11-11 14:08:00.000;SiZ1;5;71600.00000
2021-11-11 16:36:00.000;GZZ1;10;34710.00000
2021-11-11 16:42:00.000;SRZ1;-4;35650.00000
2021-11-11 16:42:00.000;SRZ1;-1;35650.00000
2021-11-11 18:43:00.000;SiZ1;-5;71670.00000
2021-11-11 20:28:00.000;SiZ1;-10;71940.00000
2021-11-11 20:30:00.000;GZZ1;-1;34946.00000
2021-11-11 20:30:00.000;GZZ1;-9;34946.00000
2021-11-12 10:39:00.000;GZZ1;3;34700.00000
2021-11-12 10:39:00.000;GZZ1;7;34700.00000
2021-11-12 12:19:00.000;SRZ1;20;35000.00000
2021-11-12 12:29:00.000;GZZ1;-20;33770.00000
2021-11-12 12:36:00.000;SRZ1;-15;34875.00000
2021-11-12 12:39:00.000;GZZ1;20;33570.00000
2021-11-12 12:40:00.000;SRZ1;15;34770.00000
2021-11-12 12:59:00.000;SRZ1;-4;34810.00000
2021-11-12 12:59:00.000;SRZ1;-11;34810.00000
2021-11-12 13:01:00.000;SRZ1;15;34700.00000
2021-11-12 13:04:00.000;GZZ1;-2;33560.00000
2021-11-12 13:04:00.000;GZZ1;-12;33560.00000
2021-11-12 13:04:00.000;GZZ1;-5;33560.00000
2021-11-12 13:04:00.000;GZZ1;-1;33560.00000
2021-11-12 15:15:00.000;BRZ1;-6;81.51000
2021-11-12 15:15:00.000;BRZ1;-4;81.51000
2021-11-12 21:03:00.000;NGX1;3;4.83000
2021-11-12 21:03:00.000;NGX1;1;4.83000
2021-11-12 21:03:00.000;NGX1;5;4.83000
2021-11-12 21:03:00.000;NGX1;1;4.83000
2021-11-12 21:22:00.000;NGX1;10;4.81100
2021-11-12 22:58:00.000;GZZ1;11;33540.00000
2021-11-15 11:10:00.000;GZZ1;-10;33940.00000
2021-11-15 11:11:00.000;SRZ1;-7;34720.00000
2021-11-15 11:11:00.000;SRZ1;-3;34720.00000
2021-11-15 11:11:00.000;SRZ1;-2;34720.00000
2021-11-15 11:11:00.000;SRZ1;-8;34720.00000
2021-11-15 13:06:00.000;SiZ1;20;72920.00000
2021-11-15 13:09:00.000;BRZ1;3;81.11000
2021-11-15 13:09:00.000;BRZ1;7;81.11000
2021-11-15 13:22:00.000;SiZ1;10;72750.00000
2021-11-15 18:04:00.000;SiZ1;-10;73160.00000
2021-11-15 18:05:00.000;SRZ1;20;34550.00000
2021-11-15 18:19:00.000;SiZ1;-20;73280.00000
2021-11-15 19:04:00.000;NGX1;10;4.95800
2021-11-15 19:13:00.000;NGX1;5;4.92500
2021-11-15 23:09:00.000;NGX1;-15;5.04900
2021-11-16 11:06:00.000;GZZ1;2;34316.00000
2021-11-16 11:06:00.000;GZZ1;1;34316.00000
2021-11-16 11:06:00.000;GZZ1;1;34316.00000
2021-11-16 11:06:00.000;GZZ1;1;34317.00000
2021-11-16 11:06:00.000;GZZ1;1;34317.00000
2021-11-16 11:06:00.000;GZZ1;1;34317.00000
2021-11-16 11:06:00.000;GZZ1;1;34318.00000
2021-11-16 11:06:00.000;GZZ1;1;34319.00000
2021-11-16 11:06:00.000;GZZ1;1;34319.00000
2021-11-16 11:06:00.000;GZZ1;1;34320.00000
2021-11-16 11:06:00.000;GZZ1;1;34320.00000
2021-11-16 11:06:00.000;GZZ1;1;34321.00000
2021-11-16 11:06:00.000;GZZ1;6;34321.00000
2021-11-16 12:08:00.000;GZZ1;-14;33920.00000
2021-11-16 12:08:00.000;GZZ1;-1;33920.00000
2021-11-16 12:08:00.000;GZZ1;-5;33920.00000
2021-11-16 12:15:00.000;GZZ1;-10;34020.00000
2021-11-16 12:33:00.000;GZZ1;10;33600.00000
2021-11-16 12:33:00.000;GZZ1;9;33600.00000
2021-11-16 12:33:00.000;GZZ1;11;33600.00000
2021-11-16 12:37:00.000;SRZ1;-20;34250.00000
2021-11-16 12:49:00.000;GZZ1;-1;33750.00000
2021-11-16 12:49:00.000;GZZ1;-14;33750.00000
2021-11-16 13:16:00.000;SRZ1;-1;34410.00000
2021-11-16 13:17:00.000;SRZ1;-3;34410.00000
2021-11-16 13:17:00.000;SRZ1;-2;34410.00000
2021-11-16 13:17:00.000;SRZ1;-4;34410.00000
2021-11-16 14:17:00.000;SRZ1;5;33955.00000
2021-11-16 14:17:00.000;SRZ1;2;33955.00000
2021-11-16 14:17:00.000;SRZ1;1;33955.00000
2021-11-16 14:17:00.000;SRZ1;10;33955.00000
2021-11-16 14:17:00.000;SRZ1;4;33955.00000
2021-11-16 14:17:00.000;SRZ1;5;33955.00000
2021-11-16 14:17:00.000;SRZ1;3;33955.00000
2021-11-16 14:21:00.000;GZZ1;3;33500.00000
2021-11-16 14:21:00.000;GZZ1;2;33500.00000
2021-11-16 14:21:00.000;GZZ1;10;33500.00000
2021-11-16 15:00:00.000;GZZ1;-9;33770.00000
2021-11-16 15:01:00.000;GZZ1;-1;33770.00000
2021-11-16 15:26:00.000;SiZ1;20;73330.00000
2021-11-16 15:35:00.000;SiZ1;-20;73440.00000
2021-11-16 15:38:00.000;GZZ1;-7;33970.00000
2021-11-16 15:38:00.000;GZZ1;-3;33970.00000
2021-11-16 15:47:00.000;SiZ1;20;73540.00000
2021-11-16 15:50:00.000;SiZ1;-20;73750.00000
2021-11-16 17:18:00.000;BRZ1;-10;82.04000
2021-11-16 17:41:00.000;NGX1;-10;5.30500
2021-11-16 17:43:00.000;SiZ1;5;73760.00000
2021-11-16 17:43:00.000;SiZ1;1;73760.00000
2021-11-16 18:08:00.000;SiZ1;10;73840.00000
2021-11-16 18:10:00.000;SiZ1;4;73780.00000
2021-11-16 18:29:00.000;BRZ1;10;81.62000
2021-11-16 18:40:00.000;NGX1;2;5.26000
2021-11-16 18:40:00.000;NGX1;2;5.26000
2021-11-16 18:40:00.000;NGX1;6;5.26000
2021-11-16 19:23:00.000;NGX1;-6;5.29500
2021-11-16 19:23:00.000;NGX1;-4;5.29500
2021-11-16 19:37:00.000;NGX1;-1;5.33900
2021-11-16 19:37:00.000;NGX1;-4;5.33900
2021-11-16 19:45:00.000;SiZ1;10;73550.00000
2021-11-16 21:57:00.000;NGX1;15;5.25100
2021-11-16 22:20:00.000;NGX1;-15;5.18500
2021-11-16 22:33:00.000;NGX1;15;5.12500
2021-11-16 22:34:00.000;NGX1;-8;5.15000
2021-11-16 22:34:00.000;NGX1;-7;5.15000
2021-11-17 07:00:00.000;SiZ1;-10;73720.00000
2021-11-17 07:30:00.000;GZZ1;10;33650.00000
2021-11-17 08:05:00.000;NGX1;7;5.10000
2021-11-17 08:05:00.000;NGX1;2;5.10000
2021-11-17 08:05:00.000;NGX1;6;5.10000
2021-11-17 10:21:00.000;SiZ1;3;73410.00000
2021-11-17 10:21:00.000;SiZ1;5;73410.00000
2021-11-17 10:21:00.000;SiZ1;2;73410.00000
2021-11-17 10:31:00.000;SiZ1;10;73210.00000
2021-11-17 11:02:00.000;SRZ1;-10;34280.00000
2021-11-17 11:05:00.000;GZZ1;-10;33960.00000
2021-11-17 11:16:00.000;NGX1;-3;5.07000
2021-11-17 11:16:00.000;NGX1;-7;5.07000
2021-11-17 15:50:00.000;NGX1;10;4.97000
2021-11-17 17:06:00.000;NGX1;-10;4.99500
2021-11-17 17:28:00.000;NGX1;10;4.94000
2021-11-17 17:39:00.000;GZZ1;-10;34650.00000
2021-11-17 18:26:00.000;GZZ1;-10;35160.00000
2021-11-17 18:45:00.000;SRZ1;3;34320.00000
2021-11-17 18:45:00.000;SRZ1;2;34320.00000
2021-11-17 18:45:00.000;SRZ1;5;34320.00000
2021-11-18 14:00:00.000;GZZ1;2;35831.00000
2021-11-18 14:00:00.000;GZZ1;6;35831.00000
2021-11-18 14:00:00.000;GZZ1;2;35831.00000
2021-11-18 14:07:00.000;NGX1;-7;4.91500
2021-11-18 16:23:00.000;SiZ1;-20;73500.00000
2021-11-18 16:44:00.000;SiZ1;-20;73750.00000
2021-11-18 18:07:00.000;NGX1;-8;4.99000
2021-11-18 18:08:00.000;SRZ1;-2;34160.00000
2021-11-18 18:08:00.000;SRZ1;-3;34160.00000
2021-11-18 18:08:00.000;SRZ1;-1;34160.00000
2021-11-18 18:08:00.000;SRZ1;-3;34160.00000
2021-11-18 18:08:00.000;SRZ1;-1;34160.00000
2021-11-18 18:08:00.000;SRZ1;-10;34160.00000
2021-11-18 18:12:00.000;SRZ1;3;34000.00000
2021-11-18 18:12:00.000;SRZ1;17;34000.00000
2021-11-18 18:15:00.000;SRZ1;-4;33880.00000
2021-11-18 18:15:00.000;SRZ1;-2;33880.00000
2021-11-18 18:15:00.000;SRZ1;-10;33880.00000
2021-11-18 18:15:00.000;SRZ1;-4;33880.00000
2021-11-18 18:31:00.000;SRZ1;1;33600.00000
2021-11-18 18:31:00.000;SRZ1;1;33600.00000
2021-11-18 18:31:00.000;SRZ1;6;33600.00000
2021-11-18 18:31:00.000;SRZ1;12;33600.00000
2021-11-18 19:43:00.000;SRZ1;12;33820.00000
2021-11-18 19:43:00.000;SRZ1;8;33820.00000
2021-11-18 19:57:00.000;NGX1;15;4.87000
2021-11-18 19:59:00.000;NGX1;-3;4.89000
2021-11-18 19:59:00.000;NGX1;-5;4.89000
2021-11-18 19:59:00.000;NGX1;-2;4.89000
2021-11-18 19:59:00.000;NGX1;-2;4.89000
2021-11-18 20:00:00.000;NGX1;-1;4.87600
2021-11-18 20:00:00.000;NGX1;-1;4.87600
2021-11-18 20:00:00.000;NGX1;-1;4.87600
2021-11-18 20:00:00.000;NGX1;-2;4.87500
2021-11-18 20:00:00.000;NGX1;-1;4.87500
2021-11-18 20:00:00.000;NGX1;-1;4.87500
2021-11-18 20:00:00.000;NGX1;-1;4.87500
2021-11-18 20:00:00.000;NGX1;-4;4.87500
2021-11-18 20:36:00.000;SRZ1;-1;33900.00000
2021-11-18 20:36:00.000;SRZ1;-4;33900.00000
2021-11-18 20:36:00.000;SRZ1;-5;33900.00000
2021-11-18 20:36:00.000;SRZ1;-10;33900.00000
2021-11-19 11:04:00.000;SRZ1;-15;33870.00000
2021-11-19 11:05:00.000;SRZ1;-2;33870.00000
2021-11-19 11:05:00.000;SRZ1;-3;33870.00000
2021-11-19 12:42:00.000;SRZ1;20;33520.00000
2021-11-19 12:43:00.000;SiZ1;20;73450.00000
2021-11-19 12:54:00.000;SiZ1;-20;73560.00000
2021-11-19 13:10:00.000;GZZ1;15;33900.00000
2021-11-19 15:20:00.000;NGX1;10;4.86000
2021-11-19 15:45:00.000;SiZ1;20;73910.00000
2021-11-19 15:48:00.000;SiZ1;-11;74010.00000
2021-11-19 15:48:00.000;SiZ1;-1;74010.00000
2021-11-19 15:48:00.000;SiZ1;-8;74010.00000
2021-11-19 15:57:00.000;NGX1;-5;4.92000
2021-11-19 16:20:00.000;GZZ1;10;33700.00000
2021-11-19 16:20:00.000;GZZ1;5;33700.00000
2021-11-19 16:36:00.000;SRZ1;20;32880.00000
2021-11-19 16:38:00.000;SiZ1;20;73700.00000
2021-11-19 16:43:00.000;GZZ1;-20;34002.00000
2021-11-19 16:59:00.000;SRZ1;-20;33004.00000
2021-11-19 17:05:00.000;SiZ1;-20;73870.00000
2021-11-19 17:09:00.000;GZZ1;19;33880.00000
2021-11-19 17:09:00.000;GZZ1;1;33880.00000
2021-11-19 21:23:00.000;NGX1;-5;5.07000
2021-11-22 07:19:00.000;NGX1;9;4.95000
2021-11-22 07:19:00.000;NGX1;1;4.95000
2021-11-22 10:52:00.000;SRZ1;20;32710.00000
2021-11-22 11:07:00.000;GZZ1;20;33540.00000
2021-11-22 11:45:00.000;SiZ1;-30;74200.00000
2021-11-22 11:57:00.000;GZZ1;10;32750.00000
2021-11-22 13:36:00.000;NGX1;4;4.89300
2021-11-22 13:42:00.000;NGX1;5;4.88600
2021-11-22 14:07:00.000;NGX1;5;4.85000
2021-11-22 15:12:00.000;SiZ1;-10;74820.00000
2021-11-22 18:07:00.000;GZZ1;-10;32730.00000
2021-11-22 20:50:00.000;NGX1;1;4.80000
2021-11-22 20:50:00.000;NGX1;4;4.80000
2021-11-23 10:19:00.000;NGX1;-5;4.90000
2021-11-23 10:28:00.000;SRZ1;10;31220.00000
2021-11-23 15:27:00.000;GZZ1;-3;33750.00000
2021-11-23 15:27:00.000;GZZ1;-8;33750.00000
2021-11-23 15:27:00.000;GZZ1;-9;33750.00000
2021-11-23 15:37:00.000;SRZ1;-7;32220.00000
2021-11-23 15:37:00.000;SRZ1;-3;32220.00000
2021-11-23 15:49:00.000;SRZ1;-10;32330.00000
2021-11-23 15:53:00.000;SRZ1;-10;32440.00000
2021-11-23 16:00:00.000;GZZ1;-1;33550.00000
2021-11-23 16:00:00.000;SRZ1;-10;32170.00000
2021-11-23 16:00:00.000;SRZ1;-3;32170.00000
2021-11-23 16:00:00.000;SRZ1;-10;32170.00000
2021-11-23 16:00:00.000;SRZ1;-2;32170.00000
2021-11-23 16:05:00.000;GZZ1;-19;33450.00000
2021-11-23 16:06:00.000;GZZ1;-5;33500.00000
2021-11-23 16:42:00.000;GZZ1;-5;33650.00000
2021-11-23 17:33:00.000;GZZ1;-5;33805.00000
2021-11-23 19:37:00.000;SiZ1;20;75220.00000
2021-11-23 19:38:00.000;SRZ1;-10;32600.00000
2021-11-23 19:44:00.000;GZZ1;-1;34050.00000
2021-11-23 19:44:00.000;GZZ1;-9;34050.00000
2021-11-23 19:51:00.000;SiZ1;20;75180.00000
2021-11-23 19:54:00.000;NGZ1;12;5.12400
2021-11-23 19:54:00.000;NGZ1;1;5.12400
2021-11-23 19:54:00.000;NGZ1;1;5.12400
2021-11-24 11:25:00.000;SRZ1;7;32000.00000
2021-11-24 11:25:00.000;SRZ1;1;32000.00000
2021-11-24 11:25:00.000;SRZ1;2;32000.00000
2021-11-24 13:34:00.000;GZZ1;10;33500.00000
2021-11-24 14:15:00.000;NGZ1;6;4.97000
2021-11-24 16:57:00.000;NGZ1;-5;5.10800
2021-11-24 19:49:00.000;GZZ1;-10;33850.00000
2021-11-25 13:47:00.000;SRZ1;3;31820.00000
2021-11-25 13:47:00.000;SRZ1;2;31820.00000
2021-11-26 07:00:00.000;GZZ1;15;33500.00000
2021-11-26 07:00:00.000;SRZ1;1;31400.00000
2021-11-26 07:00:00.000;SRZ1;9;31400.00000
2021-11-26 07:00:00.000;GZZ1;15;33000.00000
2021-11-26 08:40:00.000;SRZ1;10;31000.00000
2021-11-26 10:30:00.000;GZZ1;-2;33010.00000
2021-11-26 10:30:00.000;GZZ1;-5;33010.00000
2021-11-26 10:30:00.000;GZZ1;-8;33010.00000
2021-11-26 10:32:00.000;SRZ1;-15;31050.00000
2021-11-26 10:43:00.000;SRZ1;-4;31120.00000
2021-11-26 10:43:00.000;SRZ1;-1;31120.00000
2021-11-26 14:25:00.000;NGZ1;-15;5.19800
2021-11-26 15:43:00.000;NGZ1;20;5.28500
2021-11-26 15:46:00.000;NGZ1;-8;5.32000
2021-11-26 15:46:00.000;NGZ1;-12;5.32000
2021-11-26 17:16:00.000;NGZ1;20;5.34100
2021-11-26 18:02:00.000;SRZ1;20;30720.00000
2021-11-26 18:13:00.000;NGZ1;10;5.20000
2021-11-26 18:44:00.000;GZZ1;30;32910.00000
2021-11-26 19:12:00.000;BRF2;10;72.74000
2021-11-26 19:46:00.000;GZZ1;-9;32700.00000
2021-11-26 19:46:00.000;GZZ1;-11;32700.00000
2021-11-26 20:09:00.000;NGZ1;-2;5.30000
2021-11-26 20:09:00.000;NGZ1;-8;5.30000
2021-11-26 20:11:00.000;GZZ1;2;32910.00000
2021-11-26 20:11:00.000;GZZ1;3;32910.00000
2021-11-26 20:11:00.000;GZZ1;1;32910.00000
2021-11-26 20:11:00.000;GZZ1;1;32910.00000
2021-11-26 20:11:00.000;GZZ1;1;32910.00000
2021-11-26 20:11:00.000;GZZ1;1;32910.00000
2021-11-26 20:11:00.000;GZZ1;51;32910.00000
2021-11-26 20:48:00.000;NGZ1;-5;5.32000
2021-11-26 20:49:00.000;NGZ1;-15;5.32500
2021-11-26 21:06:00.000;NGZ1;-15;5.38500
2021-11-26 21:12:00.000;NGZ1;-5;5.43600
2021-11-26 21:22:00.000;NGZ1;-5;5.48500
2021-11-26 22:18:00.000;NGZ1;5;5.37000
2021-11-26 23:40:00.000;GZZ1;3;32710.00000
2021-11-26 23:40:00.000;GZZ1;7;32710.00000
2021-11-29 07:00:00.000;BRF2;-10;72.95000
2021-11-29 07:00:00.000;NGZ1;10;5.35000
2021-11-29 07:00:00.000;NGZ1;10;5.32000
2021-11-29 07:00:00.000;GZZ1;-10;33000.00000
2021-11-29 07:00:00.000;GZZ1;-20;33160.00000
2021-11-29 07:00:00.000;GZZ1;-14;33310.00000
2021-11-29 07:00:00.000;GZZ1;-6;33310.00000
2021-11-29 11:13:00.000;SRZ1;-20;31310.00000
2021-11-29 11:16:00.000;GZZ1;-20;33600.00000
2021-11-29 11:52:00.000;GZZ1;10;33400.00000
2021-11-29 11:52:00.000;GZZ1;10;33400.00000
2021-11-29 12:11:00.000;GZZ1;-5;33440.00000
2021-11-29 12:11:00.000;GZZ1;-5;33440.00000
2021-11-29 12:11:00.000;GZZ1;-10;33440.00000
2021-11-29 13:02:00.000;SRZ1;-10;31470.00000
2021-11-29 13:23:00.000;SRZ1;-10;31630.00000
2021-11-29 13:23:00.000;GZZ1;-1;33590.00000
2021-11-29 13:23:00.000;GZZ1;-5;33590.00000
2021-11-29 13:23:00.000;GZZ1;-4;33590.00000
2021-11-29 13:33:00.000;SRZ1;-4;31800.00000
2021-11-29 13:33:00.000;SRZ1;-6;31800.00000
2021-11-29 14:06:00.000;GZZ1;-5;33750.00000
2021-11-29 14:06:00.000;GZZ1;-5;33750.00000
2021-11-30 08:31:00.000;SRZ1;10;31400.00000
2021-11-30 08:46:00.000;SRZ1;3;31300.00000
2021-11-30 08:46:00.000;SRZ1;12;31300.00000
2021-11-30 08:46:00.000;SRZ1;5;31300.00000
2021-11-30 09:01:00.000;SRZ1;20;31200.00000
2021-11-30 09:09:00.000;GZZ1;20;33400.00000
2021-11-30 09:09:00.000;GZZ1;4;33250.00000
2021-11-30 09:09:00.000;GZZ1;16;33250.00000
2021-11-30 11:27:00.000;GZZ1;-2;34120.00000
2021-11-30 11:27:00.000;GZZ1;-2;34120.00000
2021-11-30 11:27:00.000;GZZ1;-11;34120.00000
2021-11-30 11:40:00.000;SRZ1;-15;31520.00000
2021-11-30 12:12:00.000;SRZ1;-10;31650.00000
2021-11-30 12:25:00.000;GZZ1;15;33800.00000
2021-11-30 14:08:00.000;GZZ1;-15;33900.00000
2021-11-30 14:52:00.000;NGZ1;-1;4.61700
2021-11-30 15:02:00.000;NGZ1;-14;4.61700
2021-11-30 15:12:00.000;NGZ1;15;4.57000
2021-11-30 15:28:00.000;NGZ1;-4;4.56500
2021-11-30 15:29:00.000;NGZ1;-1;4.56500
2021-11-30 15:29:00.000;NGZ1;-1;4.56500
2021-11-30 15:29:00.000;NGZ1;-9;4.56500
2021-11-30 15:41:00.000;SRZ1;-10;31900.00000
2021-11-30 16:16:00.000;NGZ1;-1;4.59000
2021-11-30 16:16:00.000;NGZ1;-9;4.59000
2021-11-30 16:31:00.000;GZZ1;15;33750.00000
2021-11-30 16:33:00.000;GZZ1;-1;33770.00000
2021-11-30 16:33:00.000;GZZ1;-1;33770.00000
2021-11-30 16:33:00.000;GZZ1;-18;33770.00000
2021-11-30 17:09:00.000;NGZ1;15;4.51000
2021-11-30 19:46:00.000;SRZ1;10;31460.00000
2021-11-30 20:01:00.000;SRZ1;3;31360.00000
2021-11-30 20:01:00.000;SRZ1;5;31360.00000
2021-11-30 20:01:00.000;SRZ1;2;31360.00000
2021-11-30 20:34:00.000;NGZ1;-1;4.59500
2021-11-30 20:35:00.000;NGZ1;-4;4.59500
2021-11-30 22:05:00.000;SRZ1;-4;31510.00000
2021-11-30 22:05:00.000;SRZ1;-1;31510.00000
2021-11-30 22:05:00.000;SRZ1;-2;31510.00000
2021-11-30 22:05:00.000;SRZ1;-3;31510.00000
2021-11-30 22:09:00.000;SiZ1;3;74450.00000
2021-11-30 22:09:00.000;SiZ1;1;74450.00000
2021-11-30 22:09:00.000;SiZ1;26;74450.00000
2021-12-01 10:05:00.000;NGZ1;15;4.50000
2021-12-01 10:18:00.000;SRZ1;-10;32500.00000
2021-12-01 10:53:00.000;NGZ1;-11;4.43300
2021-12-01 10:53:00.000;NGZ1;-4;4.43300
2021-12-01 10:59:00.000;NGZ1;4;4.37000
2021-12-01 10:59:00.000;NGZ1;2;4.37000
2021-12-01 10:59:00.000;NGZ1;5;4.37000
2021-12-01 10:59:00.000;NGZ1;4;4.37000
2021-12-01 15:30:00.000;GZZ1;-3;34970.00000
2021-12-01 15:30:00.000;GZZ1;-7;34970.00000
2021-12-01 19:36:00.000;NGZ1;10;4.31500
2021-12-02 13:35:00.000;NGZ1;-10;4.32100
2021-12-02 14:08:00.000;NGZ1;10;4.29000
2021-12-02 21:48:00.000;GZZ1;1;35050.00000
2021-12-02 21:48:00.000;GZZ1;3;35050.00000
2021-12-02 21:48:00.000;GZZ1;6;35050.00000
2021-12-02 21:53:00.000;NGZ1;10;4.07000
2021-12-03 17:55:00.000;SRZ1;10;32200.00000
2021-12-03 19:07:00.000;NGZ1;4;4.17000
2021-12-03 19:08:00.000;NGZ1;6;4.17000
2021-12-03 20:14:00.000;NGZ1;-10;4.23100
2021-12-03 22:28:00.000;NGZ1;10;4.15500
2021-12-03 23:22:00.000;SiZ1;-10;74130.00000
2021-12-03 23:28:00.000;NGZ1;3;4.09100
2021-12-03 23:28:00.000;NGZ1;7;4.09100
2021-12-06 11:53:00.000;SRZ1;5;31200.00000
2021-12-06 11:53:00.000;SRZ1;20;31200.00000
2021-12-06 13:32:00.000;GZZ1;5;33520.00000
2021-12-06 13:32:00.000;GZZ1;15;33520.00000
2021-12-06 15:00:00.000;SRZ1;3;31080.00000
2021-12-06 15:00:00.000;SRZ1;17;31080.00000
2021-12-06 15:00:00.000;GZZ1;10;33880.00000
2021-12-06 15:00:00.000;GZZ1;10;33880.00000
2021-12-06 16:57:00.000;SiZ1;-40;73990.00000
2021-12-06 18:45:00.000;SiZ1;20;74133.00000
2021-12-06 19:15:00.000;NGZ1;5;3.67500
2021-12-06 19:15:00.000;NGZ1;5;3.67500
2021-12-06 21:42:00.000;SiZ1;-6;74480.00000
2021-12-06 23:19:00.000;NGZ1;-7;3.71100
2021-12-06 23:19:00.000;NGZ1;-3;3.71100
2021-12-06 23:20:00.000;SiZ1;-12;74580.00000
2021-12-07 10:51:00.000;SiZ1;3;74270.00000
2021-12-07 10:51:00.000;SiZ1;1;74270.00000
2021-12-07 10:51:00.000;SiZ1;5;74270.00000
2021-12-07 10:51:00.000;SiZ1;5;74270.00000
2021-12-07 10:51:00.000;SiZ1;1;74270.00000
2021-12-07 10:51:00.000;SiZ1;3;74270.00000
2021-12-07 10:53:00.000;SRZ1;5;30350.00000
2021-12-07 10:53:00.000;SRZ1;5;30350.00000
2021-12-07 18:30:00.000;GZZ1;-20;34380.00000
2021-12-07 18:32:00.000;SiZ1;-20;74320.00000
2021-12-07 19:17:00.000;SRZ1;-10;31060.00000
2021-12-07 21:31:00.000;SRZ1;-20;31110.00000
2021-12-07 21:41:00.000;GZZ1;-9;34595.00000
2021-12-07 21:42:00.000;GZZ1;-1;34595.00000
2021-12-07 21:42:00.000;GZZ1;-3;34595.00000
2021-12-07 21:42:00.000;GZZ1;-7;34595.00000
2021-12-07 22:26:00.000;SiZ1;11;74260.00000
2021-12-07 22:26:00.000;SiZ1;9;74260.00000
2021-12-07 23:38:00.000;GZZ1;2;34592.00000
2021-12-07 23:38:00.000;GZZ1;10;34592.00000
2021-12-07 23:38:00.000;GZZ1;6;34592.00000
2021-12-07 23:38:00.000;GZZ1;2;34592.00000
2021-12-08 10:20:00.000;SRZ1;1;31642.00000
2021-12-08 10:20:00.000;SRZ1;19;31642.00000
2021-12-08 10:30:00.000;SiZ1;20;74024.00000
2021-12-08 10:35:00.000;GZZ1;-18;34670.00000
2021-12-08 10:35:00.000;GZZ1;-7;34670.00000
2021-12-08 10:45:00.000;GZZ1;12;34480.00000
2021-12-08 10:45:00.000;GZZ1;12;34480.00000
2021-12-08 10:45:00.000;GZZ1;1;34480.00000
2021-12-08 10:52:00.000;SRZ1;10;30900.00000
2021-12-08 11:56:00.000;SiZ1;2;73750.00000
2021-12-08 11:56:00.000;SiZ1;8;73750.00000
2021-12-08 15:23:00.000;SRZ1;6;30320.00000
2021-12-08 15:23:00.000;SRZ1;4;30320.00000
2021-12-08 16:14:00.000;SiZ1;-14;73855.00000
2021-12-08 16:14:00.000;SiZ1;-1;73855.00000
2021-12-08 16:17:00.000;SRZ1;4;29915.00000
2021-12-08 16:17:00.000;SRZ1;6;29915.00000
2021-12-08 18:42:00.000;SiZ1;-1;73820.00000
2021-12-08 18:42:00.000;SiZ1;-3;73820.00000
2021-12-08 18:42:00.000;SiZ1;-3;73820.00000
2021-12-08 18:42:00.000;SiZ1;-3;73820.00000
2021-12-08 18:42:00.000;SiZ1;-3;73820.00000
2021-12-08 18:42:00.000;SiZ1;-1;73820.00000
2021-12-08 18:42:00.000;SiZ1;-1;73820.00000
2021-12-08 20:21:00.000;SiZ1;-11;73660.00000
2021-12-09 17:15:00.000;SiZ1;-7;73749.00000
2021-12-09 19:19:00.000;SRZ1;-1;30235.00000
2021-12-09 19:19:00.000;SRZ1;-5;30235.00000
2021-12-09 19:19:00.000;SRZ1;-84;30235.00000
2021-12-09 23:01:00.000;SiZ1;38;73840.00000
2021-12-09 23:13:00.000;NGZ1;-3;3.79000
2021-12-09 23:13:00.000;NGZ1;-17;3.79000
2021-12-09 23:18:00.000;NGF2;-1;3.76600
2021-12-09 23:47:00.000;NGF2;-16;3.75200
2021-12-09 23:47:00.000;NGF2;-1;3.75200
2021-12-09 23:47:00.000;NGF2;-2;3.75200
2021-12-10 11:18:00.000;SiZ1;5;73540.00000
2021-12-10 11:29:00.000;SRZ1;10;29700.00000
2021-12-10 11:35:00.000;GZH2;-3;34202.00000
2021-12-10 11:35:00.000;GZH2;-1;34202.00000
2021-12-10 11:35:00.000;GZH2;-3;34202.00000
2021-12-10 11:35:00.000;GZH2;-3;34202.00000
2021-12-10 11:44:00.000;GZH2;10;34001.00000
2021-12-10 12:10:00.000;NGZ1;-12;3.87900
2021-12-10 12:10:00.000;NGZ1;-8;3.87900
2021-12-10 12:19:00.000;GZH2;-10;34055.00000
2021-12-10 12:19:00.000;GZH2;-1;34055.00000
2021-12-10 12:19:00.000;GZH2;-9;34055.00000
2021-12-10 12:23:00.000;NGF2;-10;3.83100
2021-12-10 17:43:00.000;GZH2;8;33900.00000
2021-12-10 17:43:00.000;GZH2;1;33900.00000
2021-12-10 17:43:00.000;GZH2;11;33900.00000
2021-12-10 17:50:00.000;GZH2;-1;33850.00000
2021-12-10 17:50:00.000;GZH2;-1;33850.00000
2021-12-10 17:50:00.000;GZH2;-1;33850.00000
2021-12-10 17:50:00.000;GZH2;-1;33850.00000
2021-12-10 17:50:00.000;GZH2;-1;33850.00000
2021-12-10 17:54:00.000;GZH2;-6;33850.00000
2021-12-10 17:54:00.000;GZH2;-9;33850.00000
2021-12-13 10:56:00.000;GZH2;1;33650.00000
2021-12-13 10:56:00.000;GZH2;2;33650.00000
2021-12-13 10:56:00.000;GZH2;6;33650.00000
2021-12-13 10:56:00.000;GZH2;1;33650.00000
2021-12-13 10:56:00.000;GZH2;10;33650.00000
2021-12-13 11:07:00.000;SRZ1;10;29400.00000
2021-12-13 11:09:00.000;SRZ1;10;29300.00000
2021-12-13 11:20:00.000;GZH2;-20;33470.00000
2021-12-13 11:22:00.000;SRH2;-6;30100.00000
2021-12-13 11:22:00.000;SRH2;-4;30100.00000
2021-12-13 11:26:00.000;GZH2;17;33300.00000
2021-12-13 11:26:00.000;GZH2;3;33300.00000
2021-12-13 11:37:00.000;SRZ1;10;29300.00000
2021-12-13 11:40:00.000;SRH2;1;29800.00000
2021-12-13 11:40:00.000;SRH2;3;29800.00000
2021-12-13 11:40:00.000;SRH2;5;29800.00000
2021-12-13 11:40:00.000;SRH2;1;29800.00000
2021-12-13 12:02:00.000;GZH2;-1;32880.00000
2021-12-13 12:02:00.000;GZH2;-3;32880.00000
2021-12-13 12:02:00.000;GZH2;-5;32880.00000
2021-12-13 12:02:00.000;GZH2;-1;32880.00000
2021-12-13 12:02:00.000;GZH2;-6;32880.00000
2021-12-13 12:02:00.000;GZH2;-1;32880.00000
2021-12-13 12:02:00.000;GZH2;-1;32880.00000
2021-12-13 12:02:00.000;GZH2;-1;32880.00000
2021-12-13 12:02:00.000;GZH2;-1;32880.00000
2021-12-13 12:03:00.000;SRH2;-5;29770.00000
2021-12-13 12:03:00.000;SRH2;-4;29770.00000
2021-12-13 12:03:00.000;SRH2;-3;29770.00000
2021-12-13 12:03:00.000;SRH2;-2;29770.00000
2021-12-13 12:03:00.000;SRH2;-3;29770.00000
2021-12-13 12:03:00.000;SRH2;-1;29770.00000
2021-12-13 12:03:00.000;SRH2;-2;29770.00000
2021-12-13 13:09:00.000;GZH2;-1;33050.00000
2021-12-13 13:09:00.000;GZH2;-4;33050.00000
2021-12-13 15:52:00.000;SRH2;3;29520.00000
2021-12-13 15:52:00.000;SRH2;2;29520.00000
2021-12-13 15:52:00.000;SRH2;5;29520.00000
2021-12-13 15:52:00.000;SRH2;10;29520.00000
2021-12-13 15:54:00.000;GZH2;2;32600.00000
2021-12-13 15:54:00.000;GZH2;4;32600.00000
2021-12-13 15:54:00.000;GZH2;2;32600.00000
2021-12-13 15:54:00.000;GZH2;2;32600.00000
2021-12-13 15:54:00.000;GZH2;2;32600.00000
2021-12-13 15:54:00.000;GZH2;13;32600.00000
2021-12-13 16:36:00.000;GZH2;2;32608.00000
2021-12-13 16:36:00.000;GZH2;5;32609.00000
2021-12-13 16:36:00.000;GZH2;3;32609.00000
2021-12-13 16:36:00.000;GZH2;2;32609.00000
2021-12-13 16:36:00.000;GZH2;1;32610.00000
2021-12-13 16:36:00.000;GZH2;2;32610.00000
2021-12-13 16:36:00.000;GZH2;1;32610.00000
2021-12-13 16:36:00.000;GZH2;1;32611.00000
2021-12-13 16:36:00.000;GZH2;2;32612.00000
2021-12-13 16:36:00.000;GZH2;1;32614.00000
2021-12-13 16:37:00.000;SRH2;1;29200.00000
2021-12-13 16:37:00.000;SRH2;1;29200.00000
2021-12-13 16:37:00.000;SRH2;1;29200.00000
2021-12-13 16:37:00.000;SRH2;1;29200.00000
2021-12-13 16:37:00.000;SRH2;5;29200.00000
2021-12-13 16:37:00.000;SRH2;1;29200.00000
2021-12-13 16:37:00.000;SRH2;1;29200.00000
2021-12-13 16:37:00.000;SRH2;1;29200.00000
2021-12-13 16:37:00.000;SRH2;1;29200.00000
2021-12-13 16:37:00.000;SRH2;1;29200.00000
2021-12-13 16:37:00.000;SRH2;1;29200.00000
2021-12-13 16:37:00.000;SRH2;2;29200.00000
2021-12-13 16:37:00.000;SRH2;3;29200.00000
2021-12-13 17:54:00.000;GZH2;-20;32760.00000
2021-12-13 17:55:00.000;SRH2;-1;29220.00000
2021-12-13 17:55:00.000;SRH2;-2;29220.00000
2021-12-13 17:55:00.000;SRH2;-10;29220.00000
2021-12-13 17:55:00.000;SRH2;-2;29220.00000
2021-12-13 17:55:00.000;SRH2;-1;29220.00000
2021-12-13 17:55:00.000;SRH2;-4;29220.00000
2021-12-13 17:55:00.000;GZH2;-2;32850.00000
2021-12-13 17:55:00.000;GZH2;-10;32850.00000
2021-12-13 17:55:00.000;GZH2;-1;32850.00000
2021-12-13 17:55:00.000;GZH2;-5;32850.00000
2021-12-13 17:55:00.000;GZH2;-1;32850.00000
2021-12-13 17:55:00.000;GZH2;-1;32850.00000
2021-12-13 18:01:00.000;SRH2;-11;29151.00000
2021-12-13 18:01:00.000;SRH2;-1;29151.00000
2021-12-13 18:01:00.000;SRH2;-2;29150.00000
2021-12-13 18:01:00.000;SRH2;-3;29150.00000
2021-12-13 18:01:00.000;SRH2;-3;29150.00000
2021-12-13 18:15:00.000;SRH2;7;28900.00000
2021-12-13 18:16:00.000;SRH2;4;28900.00000
2021-12-13 18:16:00.000;SRH2;6;28900.00000
2021-12-13 18:16:00.000;SRH2;1;28900.00000
2021-12-13 18:16:00.000;SRH2;2;28900.00000
2021-12-13 18:18:00.000;GZH2;20;32500.00000
2021-12-13 21:19:00.000;NGF2;-3;3.85500
2021-12-13 21:19:00.000;NGF2;-1;3.85500
2021-12-13 21:19:00.000;NGF2;-1;3.85500
2021-12-13 21:19:00.000;NGF2;-5;3.85500
2021-12-13 21:55:00.000;SRH2;-8;28760.00000
2021-12-13 21:55:00.000;SRH2;-5;28760.00000
2021-12-13 21:55:00.000;SRH2;-5;28760.00000
2021-12-13 21:56:00.000;SRH2;-2;28760.00000
2021-12-13 22:30:00.000;NGF2;1;3.75000
2021-12-13 22:30:00.000;NGF2;5;3.75000
2021-12-13 22:30:00.000;NGF2;1;3.75000
2021-12-13 22:30:00.000;NGF2;2;3.75000
2021-12-13 22:30:00.000;NGF2;1;3.75000
2021-12-13 22:46:00.000;SRH2;2;28655.00000
2021-12-13 22:46:00.000;SRH2;6;28655.00000
2021-12-13 22:46:00.000;SRH2;1;28655.00000
2021-12-13 22:46:00.000;SRH2;1;28655.00000
2021-12-13 22:46:00.000;SRH2;3;28655.00000
2021-12-13 22:46:00.000;SRH2;1;28655.00000
2021-12-13 22:46:00.000;SRH2;3;28655.00000
2021-12-13 22:46:00.000;SRH2;3;28655.00000
2021-12-13 22:52:00.000;GZH2;2;31600.00000
2021-12-13 22:52:00.000;GZH2;1;31600.00000
2021-12-13 22:52:00.000;GZH2;1;31600.00000
2021-12-13 22:52:00.000;GZH2;2;31600.00000
2021-12-13 22:52:00.000;GZH2;2;31600.00000
2021-12-13 22:52:00.000;GZH2;10;31600.00000
2021-12-13 22:52:00.000;GZH2;2;31600.00000
2021-12-14 10:00:00.000;SRH2;3;28370.00000
2021-12-14 10:00:00.000;SRH2;10;28370.00000
2021-12-14 10:01:00.000;SRH2;7;28370.00000
2021-12-14 10:05:00.000;GZH2;-1;31770.00000
2021-12-14 10:05:00.000;GZH2;-2;31770.00000
2021-12-14 10:05:00.000;GZH2;-2;31770.00000
2021-12-14 10:05:00.000;GZH2;-2;31770.00000
2021-12-14 10:05:00.000;GZH2;-1;31770.00000
2021-12-14 10:05:00.000;GZH2;-12;31770.00000
2021-12-14 10:06:00.000;SRH2;-17;28600.00000
2021-12-14 10:06:00.000;SRH2;-3;28600.00000
2021-12-14 10:07:00.000;GZH2;1;31970.00000
2021-12-14 10:07:00.000;GZH2;1;31970.00000
2021-12-14 10:07:00.000;GZH2;1;31970.00000
2021-12-14 10:07:00.000;GZH2;2;31970.00000
2021-12-14 10:07:00.000;GZH2;1;31970.00000
2021-12-14 10:07:00.000;GZH2;1;31970.00000
2021-12-14 10:07:00.000;GZH2;1;31970.00000
2021-12-14 10:07:00.000;GZH2;5;31970.00000
2021-12-14 10:07:00.000;GZH2;4;31970.00000
2021-12-14 10:07:00.000;GZH2;1;31970.00000
2021-12-14 10:07:00.000;GZH2;2;31970.00000
2021-12-14 10:12:00.000;GZH2;-2;32150.00000
2021-12-14 10:12:00.000;GZH2;-7;32150.00000
2021-12-14 10:12:00.000;GZH2;-10;32150.00000
2021-12-14 10:12:00.000;GZH2;-1;32150.00000
2021-12-14 10:15:00.000;GZH2;4;32500.00000
2021-12-14 10:15:00.000;GZH2;3;32500.00000
2021-12-14 10:15:00.000;GZH2;1;32500.00000
2021-12-14 10:15:00.000;GZH2;4;32500.00000
2021-12-14 10:15:00.000;GZH2;2;32500.00000
2021-12-14 10:15:00.000;GZH2;3;32500.00000
2021-12-14 10:15:00.000;GZH2;3;32500.00000
2021-12-14 10:37:00.000;SRH2;-1;28410.00000
2021-12-14 10:37:00.000;SRH2;-1;28410.00000
2021-12-14 10:37:00.000;SRH2;-5;28410.00000
2021-12-14 10:37:00.000;SRH2;-2;28410.00000
2021-12-14 10:37:00.000;SRH2;-1;28410.00000
2021-12-14 10:37:00.000;SRH2;-5;28410.00000
2021-12-14 10:37:00.000;SRH2;-3;28410.00000
2021-12-14 10:37:00.000;SRH2;-1;28410.00000
2021-12-14 10:37:00.000;SRH2;-1;28410.00000
2021-12-14 10:40:00.000;GZH2;-1;31900.00000
2021-12-14 10:40:00.000;GZH2;-2;31900.00000
2021-12-14 10:40:00.000;GZH2;-1;31900.00000
2021-12-14 10:40:00.000;GZH2;-4;31900.00000
2021-12-14 10:40:00.000;GZH2;-4;31900.00000
2021-12-14 10:40:00.000;GZH2;-2;31900.00000
2021-12-14 10:40:00.000;GZH2;-2;31900.00000
2021-12-14 10:40:00.000;GZH2;-4;31900.00000
2021-12-14 10:40:00.000;GZH2;-2;31900.00000
2021-12-14 10:40:00.000;GZH2;-4;31900.00000
2021-12-14 10:40:00.000;GZH2;-2;31900.00000
2021-12-14 10:40:00.000;GZH2;-5;31900.00000
2021-12-14 10:40:00.000;GZH2;-7;31900.00000
2021-12-14 10:42:00.000;GZH2;-10;32060.00000
2021-12-14 11:01:00.000;SRH2;20;27900.00000
2021-12-14 11:06:00.000;SRH2;-6;28300.00000
2021-12-14 11:06:00.000;SRH2;-10;28300.00000
2021-12-14 11:06:00.000;SRH2;-4;28300.00000
2021-12-14 12:56:00.000;NGF2;7;3.68000
2021-12-14 12:56:00.000;NGF2;3;3.68000
2021-12-14 13:06:00.000;YNH2;-5;46425.00000
2021-12-14 14:15:00.000;SiH2;25;75140.00000
2021-12-14 17:28:00.000;YNH2;5;45900.00000
2021-12-14 18:17:00.000;YNH2;-3;46800.00000
2021-12-14 18:17:00.000;YNH2;-1;46800.00000
2021-12-14 18:17:00.000;YNH2;-1;46800.00000
2021-12-14 20:03:00.000;SiZ1;-25;73880.00000
2021-12-14 21:28:00.000;SiH2;-1;75420.00000
2021-12-14 21:28:00.000;SiH2;-3;75420.00000
2021-12-14 21:28:00.000;SiH2;-3;75420.00000
2021-12-14 21:28:00.000;SiH2;-3;75420.00000
2021-12-14 21:28:00.000;SiH2;-15;75420.00000
2021-12-14 22:13:00.000;NGF2;-15;3.68100
2021-12-14 22:45:00.000;NGF2;-2;3.75900
2021-12-14 22:45:00.000;NGF2;-2;3.75900
2021-12-14 22:45:00.000;NGF2;-1;3.75900
2021-12-14 22:45:00.000;NGF2;-5;3.75900
2021-12-15 17:40:00.000;YNH2;1;46100.00000
2021-12-15 17:40:00.000;YNH2;2;46100.00000
2021-12-15 17:40:00.000;YNH2;2;46100.00000
2021-12-15 17:43:00.000;NGF2;-1;3.81500
2021-12-15 17:43:00.000;NGF2;-2;3.81500
2021-12-15 17:43:00.000;NGF2;-1;3.81500
2021-12-15 17:43:00.000;NGF2;-1;3.81500
2021-12-15 17:43:00.000;NGF2;-2;3.81500
2021-12-15 17:43:00.000;NGF2;-2;3.81500
2021-12-15 17:43:00.000;NGF2;-1;3.81500
2021-12-15 21:44:00.000;NGF2;7;3.75000
2021-12-15 21:44:00.000;NGF2;3;3.75000
2021-12-15 22:01:00.000;SiH2;16;75750.00000
2021-12-15 23:03:00.000;GZH2;1;32851.00000
2021-12-15 23:03:00.000;GZH2;1;32851.00000
2021-12-15 23:03:00.000;GZH2;1;32851.00000
2021-12-15 23:03:00.000;GZH2;1;32851.00000
2021-12-15 23:03:00.000;GZH2;1;32851.00000
2021-12-15 23:04:00.000;GZH2;1;32851.00000
2021-12-15 23:04:00.000;GZH2;4;32851.00000
2021-12-15 23:05:00.000;SiH2;10;75300.00000
2021-12-16 11:42:00.000;SRH2;20;29880.00000
2021-12-16 11:45:00.000;NGZ1;15;3.92900
2021-12-16 11:48:00.000;GZH2;15;33700.00000
2021-12-16 11:48:00.000;GZH2;5;33700.00000
2021-12-16 13:03:00.000;NGZ1;-5;3.92800
2021-12-16 13:03:00.000;NGZ1;-5;3.92800
2021-12-16 13:03:00.000;NGZ1;-1;3.92800
2021-12-16 13:03:00.000;NGZ1;-4;3.92800
2021-12-16 13:05:00.000;NGF2;-8;3.88100
2021-12-16 13:11:00.000;NGF2;-2;3.88100
2021-12-16 16:33:00.000;YNH2;-1;48110.00000
2021-12-16 16:34:00.000;YNH2;-6;48110.00000
2021-12-16 18:03:00.000;SFH2;-8;467.88000
2021-12-16 18:30:00.000;SiH2;-8;75199.00000
2021-12-16 18:30:00.000;SiH2;-2;75199.00000
